method,iteration,handshake_ms,mem_kb
cert_standard,1,0.924,8012
cert_standard,2,2.141,8012
cert_standard,3,1.107,8012
cert_standard,4,1.651,8012
cert_standard,5,1.516,8016
cert_standard,6,2.017,8016
cert_standard,7,2.134,8016
cert_standard,8,2.149,8016
cert_standard,9,2.261,8016
cert_standard,10,2.131,8016
cert_standard,11,3.214,8016
cert_standard,12,2.114,8016
cert_standard,13,3.707,8016
cert_standard,14,3.153,8016
cert_standard,15,3.118,8016
cert_standard,16,2.066,8016
cert_standard,17,2.126,8016
cert_standard,18,2.072,8016
cert_standard,19,3.122,8016
cert_standard,20,3.112,8016
cert_standard,21,3.213,8016
cert_standard,22,3.234,8016
cert_standard,23,2.130,8016
cert_standard,24,2.048,8016
cert_standard,25,3.173,8016
cert_standard,26,2.312,8016
cert_standard,27,2.097,8016
cert_standard,28,3.432,8016
cert_standard,29,3.129,8016
cert_standard,30,2.053,8016
cert_standard,31,3.019,8016
cert_standard,32,2.974,8016
cert_standard,33,2.002,8016
cert_standard,34,2.692,8016
cert_standard,35,3.197,8016
cert_standard,36,2.069,8016
cert_standard,37,1.400,8016
cert_standard,38,1.057,8016
cert_standard,39,1.074,8016
cert_standard,40,1.719,8016
cert_standard,41,2.130,8016
cert_standard,42,2.097,8016
cert_standard,43,2.120,8016
cert_standard,44,2.077,8016
cert_standard,45,2.858,8016
cert_standard,46,3.010,8016
cert_standard,47,3.309,8016
cert_standard,48,2.178,8016
cert_standard,49,2.072,8016
cert_standard,50,2.422,8016
psk_standard,1,5.863,7444
psk_standard,2,6.060,7444
psk_standard,3,5.899,7444
psk_standard,4,5.128,7444
psk_standard,5,3.115,7444
psk_standard,6,2.977,7444
psk_standard,7,6.097,7444
psk_standard,8,5.748,7444
psk_standard,9,8.655,7444
psk_standard,10,8.759,7444
psk_standard,11,8.836,7444
psk_standard,12,5.603,7444
psk_standard,13,8.926,7444
psk_standard,14,5.647,7444
psk_standard,15,8.863,7444
psk_standard,16,5.762,7444
psk_standard,17,5.707,7444
psk_standard,18,8.341,7448
psk_standard,19,8.539,7448
psk_standard,20,8.733,7448
psk_standard,21,5.814,7448
psk_standard,22,8.772,7448
psk_standard,23,5.773,7448
psk_standard,24,5.637,7448
psk_standard,25,5.516,7448
psk_standard,26,6.081,7448
psk_standard,27,9.207,7448
psk_standard,28,6.123,7448
psk_standard,29,6.079,7448
psk_standard,30,5.892,7448
psk_standard,31,8.783,7448
psk_standard,32,5.922,7448
psk_standard,33,6.113,7448
psk_standard,34,9.659,7448
psk_standard,35,9.659,7448
psk_standard,36,3.082,7448
psk_standard,37,2.899,7448
psk_standard,38,5.877,7448
psk_standard,39,2.929,7448
psk_standard,40,3.097,7448
psk_standard,41,3.096,7448
psk_standard,42,5.720,7448
psk_standard,43,8.733,7448
psk_standard,44,5.991,7448
psk_standard,45,9.912,7448
psk_standard,46,3.067,7448
psk_standard,47,7.852,7448
psk_standard,48,6.225,7448
psk_standard,49,6.167,7448
psk_standard,50,6.207,7448
psk_optimized,1,2.859,7448
psk_optimized,2,3.178,7448
psk_optimized,3,3.241,7448
psk_optimized,4,3.158,7452
psk_optimized,5,4.709,7452
psk_optimized,6,6.165,7452
psk_optimized,7,5.629,7452
psk_optimized,8,8.451,7452
psk_optimized,9,8.379,7452
psk_optimized,10,6.008,7452
psk_optimized,11,6.014,7452
psk_optimized,12,5.965,7452
psk_optimized,13,5.895,7452
psk_optimized,14,5.819,7452
psk_optimized,15,8.091,7452
psk_optimized,16,8.705,7452
psk_optimized,17,8.756,7452
psk_optimized,18,8.708,7452
psk_optimized,19,8.825,7452
psk_optimized,20,8.373,7452
psk_optimized,21,8.397,7452
psk_optimized,22,8.430,7452
psk_optimized,23,8.694,7452
psk_optimized,24,8.335,7452
psk_optimized,25,8.624,7452
psk_optimized,26,8.508,7452
psk_optimized,27,8.992,7452
psk_optimized,28,9.005,7452
psk_optimized,29,9.183,7452
psk_optimized,30,9.286,7452
psk_optimized,31,9.600,7452
psk_optimized,32,9.118,7452
psk_optimized,33,8.832,7452
psk_optimized,34,8.754,7452
psk_optimized,35,6.384,7452
psk_optimized,36,6.157,7452
psk_optimized,37,5.892,7452
psk_optimized,38,3.135,7452
psk_optimized,39,3.179,7452
psk_optimized,40,6.180,7452
psk_optimized,41,9.378,7452
psk_optimized,42,10.311,7452
psk_optimized,43,8.380,7452
psk_optimized,44,9.298,7452
psk_optimized,45,9.394,7452
psk_optimized,46,8.722,7452
psk_optimized,47,7.499,7452
psk_optimized,48,8.666,7452
psk_optimized,49,5.259,7452
psk_optimized,50,6.052,7452
psk_resumed,1,0.974,7452
psk_resumed,2,1.105,7452
psk_resumed,3,1.016,7452
psk_resumed,4,0.396,7452
psk_resumed,5,0.731,7452
psk_resumed,6,0.953,7452
psk_resumed,7,0.426,7452
psk_resumed,8,0.985,7452
psk_resumed,9,0.569,7452
psk_resumed,10,0.962,7452
psk_resumed,11,0.925,7452
psk_resumed,12,1.177,7452
psk_resumed,13,0.752,7452
psk_resumed,14,0.787,7452
psk_resumed,15,0.961,7452
psk_resumed,16,1.037,7452
psk_resumed,17,0.416,7452
psk_resumed,18,0.781,7452
psk_resumed,19,0.874,7452
psk_resumed,20,0.990,7452
psk_resumed,21,1.019,7452
psk_resumed,22,1.051,7452
psk_resumed,23,0.570,7452
psk_resumed,24,0.401,7452
psk_resumed,25,0.459,7452
psk_resumed,26,0.989,7452
psk_resumed,27,0.428,7452
psk_resumed,28,1.214,7452
psk_resumed,29,1.234,7452
psk_resumed,30,0.792,7452
psk_resumed,31,0.332,7452
psk_resumed,32,0.325,7452
psk_resumed,33,0.359,7452
psk_resumed,34,0.953,7452
psk_resumed,35,1.085,7452
psk_resumed,36,1.048,7452
psk_resumed,37,1.338,7452
psk_resumed,38,1.305,7452
psk_resumed,39,1.257,7452
psk_resumed,40,0.721,7452
psk_resumed,41,1.104,7452
psk_resumed,42,1.330,7452
psk_resumed,43,1.149,7452
psk_resumed,44,0.990,7452
psk_resumed,45,1.082,7452
psk_resumed,46,1.082,7452
psk_resumed,47,1.084,7452
psk_resumed,48,1.046,7452
psk_resumed,49,0.935,7452
psk_resumed,50,1.114,7452
